{
  "B3LYP/6-311+G(2d,p)/1H/CHCl3": {
    "slope": -0.9375324445748368,
    "intercept": 29.917572478615273,
    "r_squared": 0.9952450408899208,
    "mae": 0.12419765454971371,
    "rmsd": 0.16310378160512518,
    "n_points": 335,
    "ci_slope": [
      -0.9445180166534117,
      -0.9305468724962618
    ],
    "ci_intercept": [
      29.718559008209915,
      30.11658594902063
    ],
    "outliers_removed": 7
  },
  "B3LYP/6-311+G(2d,p)/13C/CHCl3": {
    "slope": -0.9497191310466504,
    "intercept": 172.68931310563093,
    "r_squared": 0.997799328698184,
    "mae": 1.9490517297784864,
    "rmsd": 2.6905440762739254,
    "n_points": 219,
    "ci_slope": [
      -0.9556867117530852,
      -0.9437515503402156
    ],
    "ci_intercept": [
      172.02265049754408,
      173.35597571371778
    ],
    "outliers_removed": 2
  },
  "B3LYP/6-311+G(2d,p)/1H/DMSO": {
    "slope": -0.9323417944578304,
    "intercept": 29.734945473316035,
    "r_squared": 0.9950817773879569,
    "mae": 0.12645499393820492,
    "rmsd": 0.16588026793674443,
    "n_points": 335,
    "ci_slope": [
      -0.9394075262396179,
      -0.9252760626760429
    ],
    "ci_intercept": [
      29.533906345254188,
      29.935984601377882
    ],
    "outliers_removed": 7
  },
  "B3LYP/6-311+G(2d,p)/13C/DMSO": {
    "slope": -0.9429390047043799,
    "intercept": 171.7713530669762,
    "r_squared": 0.9974158464732064,
    "mae": 2.1518040238695466,
    "rmsd": 2.915557943486274,
    "n_points": 219,
    "ci_slope": [
      -0.9493607304363836,
      -0.9365172789723761
    ],
    "ci_intercept": [
      171.05409235924745,
      172.48861377470493
    ],
    "outliers_removed": 2
  },
  "B3LYP/6-311+G(2d,p)/1H/vacuum": {
    "slope": -0.955379905689472,
    "intercept": 30.544554436892824,
    "r_squared": 0.9933637425927085,
    "mae": 0.14782086061060187,
    "rmsd": 0.1925499858496684,
    "n_points": 336,
    "ci_slope": [
      -0.9637848529476197,
      -0.9469749584313242
    ],
    "ci_intercept": [
      30.304040754885616,
      30.785068118900032
    ],
    "outliers_removed": 6
  },
  "B3LYP/6-311+G(2d,p)/13C/vacuum": {
    "slope": -0.9726389627459856,
    "intercept": 175.71087286822868,
    "r_squared": 0.9980000010868321,
    "mae": 1.738519488287326,
    "rmsd": 2.5649411248070906,
    "n_points": 219,
    "ci_slope": [
      -0.9784646665529066,
      -0.9668132589390646
    ],
    "ci_intercept": [
      175.0600719229239,
      176.36167381353346
    ],
    "outliers_removed": 2
  }
}