{
  "B3LYP/6-311+G(2d,p)/1H/CHCl3": {
    "slope": -0.9375324445748368,
    "intercept": 29.917572478615273,
    "r_squared": 0.9952450408899208,
    "mae": 0.12419765454971371,
    "rmsd": 0.16310378160512518,
    "n_points": 335,
    "ci_slope": [
      -0.9445180166534117,
      -0.9305468724962618
    ],
    "ci_intercept": [
      29.718559008209915,
      30.11658594902063
    ],
    "outliers_removed": 7
  },
  "B3LYP/6-311+G(2d,p)/13C/CHCl3": {
    "slope": -0.9497191310466504,
    "intercept": 172.68931310563093,
    "r_squared": 0.997799328698184,
    "mae": 1.9490517297784864,
    "rmsd": 2.6905440762739254,
    "n_points": 219,
    "ci_slope": [
      -0.9556867117530852,
      -0.9437515503402156
    ],
    "ci_intercept": [
      172.02265049754408,
      173.35597571371778
    ],
    "outliers_removed": 2
  },
  "B3LYP/6-311+G(2d,p)/1H/DMSO": {
    "slope": -0.9323417944578304,
    "intercept": 29.734945473316035,
    "r_squared": 0.9950817773879569,
    "mae": 0.12645499393820492,
    "rmsd": 0.16588026793674443,
    "n_points": 335,
    "ci_slope": [
      -0.9394075262396179,
      -0.9252760626760429
    ],
    "ci_intercept": [
      29.533906345254188,
      29.935984601377882
    ],
    "outliers_removed": 7
  },
  "B3LYP/6-311+G(2d,p)/13C/DMSO": {
    "slope": -0.9429390047043799,
    "intercept": 171.7713530669762,
    "r_squared": 0.9974158464732064,
    "mae": 2.1518040238695466,
    "rmsd": 2.915557943486274,
    "n_points": 219,
    "ci_slope": [
      -0.9493607304363836,
      -0.9365172789723761
    ],
    "ci_intercept": [
      171.05409235924745,
      172.48861377470493
    ],
    "outliers_removed": 2
  },
  "B3LYP/6-311+G(2d,p)/1H/Methanol": {
    "slope": -0.9326320659421693,
    "intercept": 29.744989682314603,
    "r_squared": 0.9950978707465968,
    "mae": 0.1262480011742177,
    "rmsd": 0.16560864968460298,
    "n_points": 335,
    "ci_slope": [
      -0.9396883671971676,
      -0.925575764687171
    ],
    "ci_intercept": [
      29.544205659575763,
      29.945773705053444
    ],
    "outliers_removed": 7
  },
  "B3LYP/6-311+G(2d,p)/13C/Methanol": {
    "slope": -0.9432765342264368,
    "intercept": 171.81703489007677,
    "r_squared": 0.9974419845088054,
    "mae": 2.1392802019950756,
    "rmsd": 2.9007754159289254,
    "n_points": 219,
    "ci_slope": [
      -0.9496679036677548,
      -0.9368851647851187
    ],
    "ci_intercept": [
      171.10315767317522,
      172.53091210697832
    ],
    "outliers_removed": 2
  },
  "B3LYP/6-311+G(2d,p)/1H/Water": {
    "slope": -0.9321029200402036,
    "intercept": 29.72643122715432,
    "r_squared": 0.9950621713238552,
    "mae": 0.12671031860937035,
    "rmsd": 0.1662105726682862,
    "n_points": 335,
    "ci_slope": [
      -0.939180977095494,
      -0.9250248629849132
    ],
    "ci_intercept": [
      29.52505421421298,
      29.927808240095658
    ],
    "outliers_removed": 7
  },
  "B3LYP/6-311+G(2d,p)/13C/Water": {
    "slope": -0.9425911445602544,
    "intercept": 171.72391088660493,
    "r_squared": 0.9973950384165606,
    "mae": 2.1614513434758007,
    "rmsd": 2.927272699967343,
    "n_points": 219,
    "ci_slope": [
      -0.9490363615537268,
      -0.9361459275667819
    ],
    "ci_intercept": [
      171.0040351298075,
      172.44378664340235
    ],
    "outliers_removed": 2
  },
  "B3LYP/6-311+G(2d,p)/1H/Acetone": {
    "slope": -0.9331642335147315,
    "intercept": 29.76364758193177,
    "r_squared": 0.9951300239649801,
    "mae": 0.1257789793497494,
    "rmsd": 0.1650646400285275,
    "n_points": 335,
    "ci_slope": [
      -0.9402012549186458,
      -0.9261272121108173
    ],
    "ci_intercept": [
      29.56338618140336,
      29.963908982460183
    ],
    "outliers_removed": 7
  },
  "B3LYP/6-311+G(2d,p)/13C/Acetone": {
    "slope": -0.9439622276079515,
    "intercept": 171.91014962177402,
    "r_squared": 0.9974876873973461,
    "mae": 2.1173770023105036,
    "rmsd": 2.8747452131047395,
    "n_points": 219,
    "ci_slope": [
      -0.9503007030427685,
      -0.9376237521731344
    ],
    "ci_intercept": [
      171.2021649798744,
      172.61813426367365
    ],
    "outliers_removed": 2
  },
  "B3LYP/6-311+G(2d,p)/1H/Benzene": {
    "slope": -0.9433075716893368,
    "intercept": 30.12145647627075,
    "r_squared": 0.9950304165100063,
    "mae": 0.1280175899137963,
    "rmsd": 0.16674416017521326,
    "n_points": 335,
    "ci_slope": [
      -0.9504938234438857,
      -0.9361213199347879
    ],
    "ci_intercept": [
      29.91643218348294,
      30.326480769058563
    ],
    "outliers_removed": 7
  },
  "B3LYP/6-311+G(2d,p)/13C/Benzene": {
    "slope": -0.9572862669292378,
    "intercept": 173.70104969729385,
    "r_squared": 0.9980415322021627,
    "mae": 1.7612030557864984,
    "rmsd": 2.5381701863943826,
    "n_points": 219,
    "ci_slope": [
      -0.9629600518330819,
      -0.9516124820253937
    ],
    "ci_intercept": [
      173.06714112621768,
      174.33495826837003
    ],
    "outliers_removed": 2
  }
}